,skew,kurtosis
Age,0.2572221422742844,-0.9097795476259583
Sleep Duration,0.037554389846484834,-1.286506239045075
Quality of Sleep,-0.20744763173836073,-0.7482755418548042
Physical Activity Level,0.07448690272010197,-1.2660677718961595
Stress Level,0.15432958161578225,-1.3273065644578361
Heart Rate,1.2248235470533522,2.28645466720358
Daily Steps,0.17827733092832274,-0.3940306018221511
