Sleep Disorder,Age,Sleep Duration,Quality of Sleep,Physical Activity Level,Stress Level,Heart Rate,Daily Steps
Insomnia,43.51948051948052,6.58961038961039,6.532467532467533,46.81818181818182,5.87012987012987,70.46753246753246,5901.298701298701
No Disease,39.0365296803653,7.358447488584475,7.6255707762557075,57.949771689497716,5.114155251141552,69.01826484018265,6852.96803652968
Sleep Apnea,49.705128205128204,7.032051282051282,7.205128205128205,74.7948717948718,5.666666666666667,73.08974358974359,7619.2307692307695
