Quality of Sleep,Systolic BP,Heart Rate,Daily Steps
4,136.4,83.4,3880.0
5,130.57142857142858,77.71428571428571,4257.142857142857
6,131.04761904761904,73.20952380952382,7092.380952380952
7,127.7012987012987,69.41558441558442,6659.74025974026
8,124.09174311926606,68.63302752293578,7462.385321100917
9,131.88732394366198,67.15492957746478,6047.887323943662
